Timestamp,User,Event,Source,Destination,Sensitive,SHA256,Risk Score,Severity
2026-09-16 14:41:51,bhagy,FILE CREATED,.\test_folder\test_folder\final_normal.txt,,NO,e3b0c44298fc1c149afbf4c8996fb92427ae41e4649b934ca495991b7852b855,0,LOW
2026-09-16 14:41:53,bhagy,FILE MODIFIED,.\test_folder\test_folder\final_normal.txt,,NO,e3b0c44298fc1c149afbf4c8996fb92427ae41e4649b934ca495991b7852b855,0,LOW
2026-09-16 14:42:21,bhagy,INTEGRITY FAILURE,.\test_folder\test_folder\final_normal.txt,,NO,91838fd2f69d9baebfdef02d5016805c119b1d10cb4a6d395b17a93f552e7610,30,LOW
2026-09-16 14:42:23,bhagy,FILE MODIFIED,.\test_folder\test_folder\final_normal.txt,,NO,91838fd2f69d9baebfdef02d5016805c119b1d10cb4a6d395b17a93f552e7610,0,LOW
2026-09-16 15:04:06,bhagy,FILE CREATED,.\test_folder\test_folder\final_normal2.txt,,NO,e3b0c44298fc1c149afbf4c8996fb92427ae41e4649b934ca495991b7852b855,0,LOW
2026-09-16 15:04:07,bhagy,FILE MODIFIED,.\test_folder\test_folder\final_normal2.txt,,NO,e3b0c44298fc1c149afbf4c8996fb92427ae41e4649b934ca495991b7852b855,0,LOW
2026-09-16 15:04:28,bhagy,INTEGRITY FAILURE,.\test_folder\test_folder\final_normal2.txt,,NO,658d33bc9210bd4c83693dc4b611e69d274e86d7863f679f828f1847811946af,30,LOW
2026-09-16 15:12:19,bhagy,FILE CREATED,.\test_folder\test_folder\normal_final.txt,,NO,e3b0c44298fc1c149afbf4c8996fb92427ae41e4649b934ca495991b7852b855,0,LOW
2026-09-16 15:12:32,bhagy,INTEGRITY FAILURE,.\test_folder\test_folder\normal_final.txt,,NO,d002ae7a13c7069e9d72443926427534d5e0cd942d9b07db921d5578e2eeea96,30,LOW
2026-09-16 15:13:59,bhagy,FILE CREATED,.\test_folder\test_folder\normal_test_final.txt,,NO,e3b0c44298fc1c149afbf4c8996fb92427ae41e4649b934ca495991b7852b855,0,LOW
2026-09-16 15:14:19,bhagy,FILE MODIFIED,.\test_folder\test_folder\normal_test_final.txt,,NO,84ebdd1b5a8023bc8cd242679ba7ea3d4c9cadb0fe5b97218e4d4d399793adc9,0,LOW
2026-09-16 15:16:15,bhagy,FILE CREATED,.\test_folder\test_folder\password_final.txt,,YES,e3b0c44298fc1c149afbf4c8996fb92427ae41e4649b934ca495991b7852b855,40,MEDIUM
2026-09-16 15:16:26,bhagy,INTEGRITY FAILURE,.\test_folder\test_folder\password_final.txt,,YES,9fcf8e6e6645f86d6f49a2d10c36dc64064dc3a582447efce28b28dc5310b39a,70,HIGH
2026-09-16 15:26:55,bhagy,FILE CREATED,.\password_test2.txt,,YES,e3b0c44298fc1c149afbf4c8996fb92427ae41e4649b934ca495991b7852b855,40,MEDIUM
2026-09-16 15:29:20,bhagy,FILE TRANSFER / COPY DETECTED,.\downloads\password_test2.txt,,YES,9fcf8e6e6645f86d6f49a2d10c36dc64064dc3a582447efce28b28dc5310b39a,80,HIGH
2026-09-16 15:31:13,bhagy,INTEGRITY FAILURE,.\downloads\password_test2.txt,,YES,43f60af9994845ae93127cfdfabc5df3e7ad7ba76a9edbf1c24376c91fdbc1a2,100,HIGH
2026-09-16 15:31:15,bhagy,FILE MODIFIED,.\downloads\password_test2.txt,,YES,43f60af9994845ae93127cfdfabc5df3e7ad7ba76a9edbf1c24376c91fdbc1a2,80,HIGH
